"DESCRIPTION","DURATION IN MS","NAME","PARENT SUITE","START TIME","STATUS","STOP TIME","SUB SUITE","SUITE","TEST CLASS","TEST METHOD"
"","1","test_log_level_is_normalised_to_upper_case","tests.framework","2026-08-20","passed","2026-08-20","","test_settings","",""
"Check constraints, so invalid data is impossible rather than merely unlikely.","5","test_the_claims_table_constrains_status_and_amount","tests.db","2026-08-20","passed","2026-08-20","","test_integrity","",""
"Windows rejects these outright; Linux allows some of them and then surprises you.","0","test_characters_illegal_in_a_windows_path_are_removed[tests/api/test_x.py::test_colon[10:30]]","tests.framework","2026-08-20","passed","2026-08-20","test_characters_illegal_in_a_windows_path_are_removed[tests/api/test_x.py","test_artifacts","",""
"UI-CLM-010 - a terminal state must look terminal.

    Offering a button that can only fail is a defect in its own right: the user
    tries it, gets an error, and loses confidence in everything else on the page.
    ","168","test_a_settled_claim_offers_no_further_actions[chromium]","tests.ui","2026-08-20","passed","2026-08-20","","test_claim_workflow","",""
"The inside edge. Without it, an API that rejects everything would pass.","9","test_one_cent_under_the_coverage_limit_is_accepted","tests.api","2026-08-20","passed","2026-08-20","","test_claims_validation","",""
"API-STATE-005 - every combination that is not a published edge.

    Uses the administrator-capable actor so a refusal can only be about the
    claim's *state*, never about the caller's role. Role restrictions are proved
    separately in test_authorization.py; mixing the two would make a failure here
    ambiguous.
    ","46","test_illegal_transitions_are_refused[REJECTED-cannot-reject]","tests.api","2026-08-20","passed","2026-08-20","","test_state_machine","",""
"API-STATE-002 - DRAFT through to PAID, one step at a time.","51","test_a_claim_can_travel_the_full_lifecycle","tests.api","2026-08-20","passed","2026-08-20","","test_state_machine","",""
"RFC 7235: a 401 carries WWW-Authenticate telling the client what to send.","3","test_a_rejected_request_advertises_the_expected_scheme","tests.api","2026-08-20","passed","2026-08-20","","test_auth","",""
"The taxonomy the framework already raises is the taxonomy the report uses.

    Keying on exception types rather than on message wording is what makes this
    survive: messages get reworded, ``ServiceNotReadyError`` does not.
    ","1","test_environment_failures_are_recognised_by_exception_type[httpx.ConnectError: [Errno 111] Connection refused-True]","tests.framework","2026-08-20","passed","2026-08-20","","test_allure_support","",""
"","0","test_worker_defaults_to_main_outside_xdist","tests.framework","2026-08-20","passed","2026-08-20","","test_artifacts","",""
"API-CLM-012 - the limit is inclusive.

    Uses the 2 500.00 policy deliberately: it sits *below* the adjuster approval
    limit, so this test cannot accidentally be measuring the wrong boundary.
    ","8","test_an_amount_exactly_at_the_coverage_limit_is_accepted","tests.api","2026-08-20","passed","2026-08-20","","test_claims_validation","",""
"API-CLM-008. A PATCH that quietly resets other fields is a classic defect.","19","test_updating_a_draft_changes_only_the_field_sent","tests.api","2026-08-20","passed","2026-08-20","","test_claims_crud","",""
"API-CLM-002. A write that cannot be read back is not a write.","16","test_a_created_claim_can_be_read_back_unchanged","tests.api","2026-08-20","passed","2026-08-20","","test_claims_crud","",""
"","8","test_the_default_page_size_matches_the_published_contract","tests.api","2026-08-20","passed","2026-08-20","","test_claims_crud","",""
"","1","test_environment_variables_override_defaults","tests.framework","2026-08-20","passed","2026-08-20","","test_settings","",""
"API-AUTH-009. Also validates the full user contract in one line.","42","test_me_returns_the_caller_identity","tests.api","2026-08-20","passed","2026-08-20","","test_auth","",""
"","1","test_safe_dsn_masks_the_password","tests.framework","2026-08-20","passed","2026-08-20","","test_settings","",""
"UI-FORM-003 - the outside edge of the length rule.","177","test_a_description_below_the_minimum_length_is_rejected[chromium]","tests.ui","2026-08-20","passed","2026-08-20","","test_claim_form","",""
"API-STATE-005 - every combination that is not a published edge.

    Uses the administrator-capable actor so a refusal can only be about the
    claim's *state*, never about the caller's role. Role restrictions are proved
    separately in test_authorization.py; mixing the two would make a failure here
    ambiguous.
    ","64","test_illegal_transitions_are_refused[REJECTED-cannot-start_review]","tests.api","2026-08-20","passed","2026-08-20","","test_state_machine","",""
"`True` is Python; `true` is what belongs in a properties file.","0","test_booleans_render_the_way_a_reader_expects","tests.framework","2026-08-20","passed","2026-08-20","","test_allure_support","",""
"The other side of the race: never delete a directory that has evidence.","0","test_pruning_keeps_a_directory_that_gained_evidence_mid_sweep","tests.framework","2026-08-20","passed","2026-08-20","","test_artifacts","",""
"API-STATE-005 - every combination that is not a published edge.

    Uses the administrator-capable actor so a refusal can only be about the
    claim's *state*, never about the caller's role. Role restrictions are proved
    separately in test_authorization.py; mixing the two would make a failure here
    ambiguous.
    ","30","test_illegal_transitions_are_refused[DRAFT-cannot-approve]","tests.api","2026-08-20","passed","2026-08-20","","test_state_machine","",""
"UI-CLM-001 - the read path, end to end.

    Searching for the claim's own reference rather than scanning the whole table:
    the table holds the seeded corpus plus whatever other workers are creating at
    this moment, so ""it is somewhere on the page"" is not a safe assertion under
    parallel execution.
    ","362","test_a_claim_created_through_the_api_appears_in_the_table[chromium]","tests.ui","2026-08-20","passed","2026-08-20","","test_claims_list","",""
"API-STATE-004 - the double-payout guard, the highest-value check here.

    Paying twice is the classic financial defect: money leaves the business
    twice for one claim. The storage layer also refuses it via a unique
    constraint; this proves the API surfaces that as a clean conflict rather than
    a 500, and DB-CLM-003 proves only one payout row exists.
    ","84","test_paying_the_same_claim_twice_is_refused","tests.api","2026-08-20","passed","2026-08-20","","test_state_machine","",""
"API-STATE-005 - every combination that is not a published edge.

    Uses the administrator-capable actor so a refusal can only be about the
    claim's *state*, never about the caller's role. Role restrictions are proved
    separately in test_authorization.py; mixing the two would make a failure here
    ambiguous.
    ","59","test_illegal_transitions_are_refused[PAID-cannot-reject]","tests.api","2026-08-20","passed","2026-08-20","","test_state_machine","",""
"API-CLM-020. A claim cannot be made for an incident that has not happened.","6","test_invalid_incident_dates_are_rejected[impossible-day]","tests.api","2026-08-20","passed","2026-08-20","","test_claims_validation","",""
"The point of the module, asserted directly.

    ``Pacific/Kiritimati`` (UTC+14) and ``Etc/GMT+12`` (UTC-12) are the extremes:
    a local date can be a full day either side of the UTC one. If ``today_utc()``
    ever moved with the process timezone, these two would disagree and the
    application-versus-runner mismatch would be back.

    ``time.tzset`` does not exist on Windows, so the strict form of this check
    only runs where the platform can actually change zones - and it is asserted
    rather than skipped silently, because a test that quietly does nothing is
    worse than one that is not there.
    ","4","test_the_answer_does_not_move_with_the_process_timezone[Pacific/Kiritimati]","tests.framework","2026-08-20","passed","2026-08-20","","test_clock","",""
"","1","test_days_ago_counts_backwards_from_utc_today","tests.framework","2026-08-20","passed","2026-08-20","","test_clock","",""
"The taxonomy the framework already raises is the taxonomy the report uses.

    Keying on exception types rather than on message wording is what makes this
    survive: messages get reworded, ``ServiceNotReadyError`` does not.
    ","0","test_environment_failures_are_recognised_by_exception_type[psycopg.errors.InsufficientPrivilege: permission denied for table claims-True]","tests.framework","2026-08-20","passed","2026-08-20","","test_allure_support","",""
"API-CLM-007.

    The order is recomputed in Python and compared, rather than spot-checking the
    first and last rows - a spot check passes on a list that is wrong in the
    middle.
    ","8","test_sorting_orders_the_results[incident-date-descending]","tests.api","2026-08-20","passed","2026-08-20","","test_claims_crud","",""
"DB-PAY-004 - the most expensive defect this suite could catch.","39","test_a_rejected_claim_is_never_paid","tests.db","2026-08-20","passed","2026-08-20","","test_audit_and_payouts","",""
"UI-FORM-002.

    Asserts the message is *visible*, not merely present in the DOM. An error
    rendered inside a collapsed container is invisible to the user and therefore
    does not exist as far as the product is concerned.
    ","208","test_invalid_amounts_are_rejected_with_a_visible_message[chromium-zero]","tests.ui","2026-08-20","passed","2026-08-20","","test_claim_form","",""
"UI-CLM-003. An empty result must be *explained*, not just blank.

    A blank table is indistinguishable from a broken one. The empty state is what
    tells a user their filter matched nothing rather than the page having failed.
    ","233","test_a_search_matching_nothing_shows_the_empty_state[chromium]","tests.ui","2026-08-20","passed","2026-08-20","","test_claims_list","",""
"Locally a flake should be reproduced - the developer is right there.","0","test_browser_tests_are_retried_once_in_ci_only[e2e]","tests.framework","2026-08-20","passed","2026-08-20","","test_flakiness","",""
"API-CLM-018. Malformed input is 422; well-formed-but-absent is 404.","6","test_a_malformed_identifier_is_a_validation_error[numeric]","tests.api","2026-08-20","passed","2026-08-20","","test_claims_validation","",""
"Fail at session start with a clear message, not mid-run as a mystery.","1","test_out_of_range_values_fail_fast[DB_PORT-70000]","tests.framework","2026-08-20","passed","2026-08-20","","test_settings","",""
"Characterisation test for a real finding, assessed as LOW severity.

    Python's ``Decimal`` accepts any character in the Unicode ``Nd`` category, so
    non-ASCII numerals are silently normalised: full-width and Arabic-Indic ""123""
    both become ``123.00``.

    Why this is documented rather than ""fixed"":

    * the parsed value is **unambiguous and correct** - those characters really do
      mean one hundred and twenty-three;
    * no business rule is bypassed, because the normalised amount is still checked
      against the policy coverage limit;
    * rejecting them would invent a requirement and would refuse legitimate input
      from users whose keyboards produce those digits.

    What this test guards is the part that *would* matter: if the API accepts the
    input, the stored value must be exactly what the characters mean - never a
    truncation, and never a silently different number. A bug here would be a
    financial defect.
    ","8","test_non_ascii_digits_are_normalised_rather_than_rejected[full-width-digits]","tests.api","2026-08-20","passed","2026-08-20","","test_claims_validation","",""
"UI-CLM-002 - asynchronous filtering, with no sleep anywhere.

    The page fetches a partial and swaps it in. The page object waits on
    ``aria-busy`` flipping back to ``false`` - a state the application publishes,
    not a duration someone guessed.
    ","312","test_searching_narrows_the_table_to_one_claim[chromium]","tests.ui","2026-08-20","passed","2026-08-20","","test_claims_list","",""
"Fail at session start with a clear message, not mid-run as a mystery.","1","test_out_of_range_values_fail_fast[UI_ACTION_TIMEOUT_MS-0]","tests.framework","2026-08-20","passed","2026-08-20","","test_settings","",""
"The link between two pages - the thing a UI test is uniquely able to prove.","314","test_opening_a_claim_from_the_table_navigates_to_its_detail_page[chromium]","tests.ui","2026-08-20","passed","2026-08-20","","test_claims_list","",""
"pytest prints locals on failure (--showlocals); a plain str would leak.","1","test_repr_of_settings_does_not_leak_secrets","tests.framework","2026-08-20","passed","2026-08-20","","test_settings","",""
"DB-INT-006 - a claim with no history cannot be explained to anyone.","4","test_every_claim_has_an_audit_trail","tests.db","2026-08-20","passed","2026-08-20","","test_integrity","",""
"","73","test_an_administrator_can_see_the_user_list[chromium]","tests.ui","2026-08-20","passed","2026-08-20","","test_claim_workflow","",""
"API-STATE-005 - every combination that is not a published edge.

    Uses the administrator-capable actor so a refusal can only be about the
    claim's *state*, never about the caller's role. Role restrictions are proved
    separately in test_authorization.py; mixing the two would make a failure here
    ambiguous.
    ","45","test_illegal_transitions_are_refused[REJECTED-cannot-approve]","tests.api","2026-08-20","passed","2026-08-20","","test_state_machine","",""
"WITHDRAWN is terminal - reached by DELETE, and a dead end thereafter.","19","test_a_withdrawn_claim_accepts_no_transition[pay]","tests.api","2026-08-20","passed","2026-08-20","","test_state_machine","",""
"The taxonomy the framework already raises is the taxonomy the report uses.

    Keying on exception types rather than on message wording is what makes this
    survive: messages get reworded, ``ServiceNotReadyError`` does not.
    ","0","test_environment_failures_are_recognised_by_exception_type[claimdesk_qa.db.connection.DatabaseError: could not connect-True]","tests.framework","2026-08-20","passed","2026-08-20","","test_allure_support","",""
"`faker_seed=None` in a report tells a reader nothing they can act on.","0","test_an_unset_seed_still_produces_one","tests.framework","2026-08-20","passed","2026-08-20","","test_flakiness","",""
"Configuration cannot drift mid-run, so a result always matches its report.","1","test_settings_are_immutable","tests.framework","2026-08-20","passed","2026-08-20","","test_settings","",""
"API-AUTH-001.","68","test_login_with_valid_credentials_returns_a_bearer_token","tests.api","2026-08-20","passed","2026-08-20","","test_auth","",""
"Scoping the detail endpoint but not the list endpoint is a common oversight.","16","test_a_customers_list_never_includes_another_customers_claims","tests.api","2026-08-20","passed","2026-08-20","","test_authorization","",""
"Self-registration is not an anonymous or customer capability here.","6","test_a_customer_cannot_create_a_user","tests.api","2026-08-20","passed","2026-08-20","","test_authorization","",""
"The control from ADR 0003, tested rather than assumed.

    Every claim this framework makes about not writing to the database rests on
    this. An untested safety control is a belief, and beliefs about permissions
    are wrong surprisingly often - a well-meaning ``GRANT ALL`` during an incident
    is all it takes.

    The failure is raised as a ``DatabaseError``, not an ``AssertionError``,
    because being refused is the framework working correctly rather than the
    product misbehaving.
    ","2","test_the_qa_role_cannot_modify_anything[delete]","tests.db","2026-08-20","passed","2026-08-20","","test_integrity","",""
"A password containing @ or / would otherwise corrupt the connection URL.","1","test_dsn_is_built_correctly_and_url_encodes_the_password","tests.framework","2026-08-20","passed","2026-08-20","","test_settings","",""
"API-AUTH-006. Every malformed shape must land on 401, never 500.","3","test_malformed_authorization_headers_are_rejected[not-a-jwt]","tests.api","2026-08-20","passed","2026-08-20","","test_auth","",""
"DB-CLM-001 - the write reached storage, with every field intact.

    A `201` proves the API accepted the request. It does not prove a row exists,
    and it certainly does not prove the row holds what was sent - an application
    that returned the payload it was given while silently failing to commit would
    satisfy every API test in this repository.
    ","13","test_a_claim_created_through_the_api_is_persisted","tests.db","2026-08-20","passed","2026-08-20","","test_claim_persistence","",""
"An attempt is not a transition. Recording one would falsify the history.","40","test_a_refused_transition_writes_no_audit_event","tests.api","2026-08-20","passed","2026-08-20","","test_state_machine","",""
"","6","test_page_numbers_below_one_are_rejected[0]","tests.api","2026-08-20","passed","2026-08-20","","test_claims_validation","",""
"Reading is not the only thing that must be scoped to the owner.","26","test_a_customer_cannot_modify_another_customers_claim","tests.api","2026-08-20","passed","2026-08-20","","test_authorization","",""
"Session setup and collection log before any test owns the context.","0","test_the_default_outside_any_context_is_a_placeholder","tests.framework","2026-08-20","passed","2026-08-20","","test_logging_and_correlation","",""
"","1","test_metadata_is_written_into_the_results_directory","tests.framework","2026-08-20","passed","2026-08-20","","test_allure_support","",""
"API-CLM-010 / 011.","5","test_non_positive_amounts_are_rejected[negative]","tests.api","2026-08-20","passed","2026-08-20","","test_claims_validation","",""
"DB-INT-004 - the opposite failure: money owed and never recorded.

    Paired with the previous test on purpose. Together they say the PAID status and
    the payout ledger agree in both directions, which neither says alone.
    ","7","test_every_paid_claim_has_a_payout","tests.db","2026-08-20","passed","2026-08-20","","test_integrity","",""
"An explicit extra={""request_id"": ...} must win over the ambient context.","1","test_request_id_filter_does_not_overwrite_an_explicit_value","tests.framework","2026-08-20","passed","2026-08-20","","test_logging_and_correlation","",""
"Needed when the API is served from a different host than the UI.","1","test_api_url_can_be_overridden_independently","tests.framework","2026-08-20","passed","2026-08-20","","test_settings","",""
"API-STATE-001 - each documented edge, exercised in isolation.

    Driven from the same table that generates the negative matrix, so the positive
    and negative sets can never drift apart from each other.
    ","36","test_every_published_transition_is_accepted[UNDER_REVIEW-reject-REJECTED]","tests.api","2026-08-20","passed","2026-08-20","","test_state_machine","",""
"The control from ADR 0003, tested rather than assumed.

    Every claim this framework makes about not writing to the database rests on
    this. An untested safety control is a belief, and beliefs about permissions
    are wrong surprisingly often - a well-meaning ``GRANT ALL`` during an incident
    is all it takes.

    The failure is raised as a ``DatabaseError``, not an ``AssertionError``,
    because being refused is the framework working correctly rather than the
    product misbehaving.
    ","2","test_the_qa_role_cannot_modify_anything[insert]","tests.db","2026-08-20","passed","2026-08-20","","test_integrity","",""
"","1","test_tomorrow_is_the_first_refused_date","tests.framework","2026-08-20","passed","2026-08-20","","test_clock","",""
"UI-FORM-006 - small, and the difference between usable and infuriating.

    Losing a 400-character description because the amount had a typo is the kind
    of defect users complain about loudly and test suites rarely check.
    ","174","test_a_rejected_submission_keeps_what_the_user_typed[chromium]","tests.ui","2026-08-20","passed","2026-08-20","","test_claim_form","",""
"If one retry cannot decide whether a failure reproduces, two will not either.

    Pinned as a test because this is the number that gets quietly raised at 5pm
    by whoever is trying to ship.
    ","0","test_the_retry_budget_is_one","tests.framework","2026-08-20","passed","2026-08-20","","test_flakiness","",""
"API-CLM-021.

    The behaviour is asserted rather than assumed. Whether unknown fields are
    ignored or rejected is a real API decision; what matters is that a client
    cannot smuggle in a field the server silently honours - here, a status.
    ","11","test_an_unknown_field_does_not_change_the_claim","tests.api","2026-08-20","passed","2026-08-20","","test_claims_validation","",""
"The point of the module, asserted directly.

    ``Pacific/Kiritimati`` (UTC+14) and ``Etc/GMT+12`` (UTC-12) are the extremes:
    a local date can be a full day either side of the UTC one. If ``today_utc()``
    ever moved with the process timezone, these two would disagree and the
    application-versus-runner mismatch would be back.

    ``time.tzset`` does not exist on Windows, so the strict form of this check
    only runs where the platform can actually change zones - and it is asserted
    rather than skipped silently, because a test that quietly does nothing is
    worse than one that is not there.
    ","0","test_the_answer_does_not_move_with_the_process_timezone[UTC]","tests.framework","2026-08-20","passed","2026-08-20","","test_clock","",""
"One URL to configure, so two values can never disagree.","0","test_api_url_is_derived_from_base_url","tests.framework","2026-08-20","passed","2026-08-20","","test_settings","",""
"API-STATE-005 - every combination that is not a published edge.

    Uses the administrator-capable actor so a refusal can only be about the
    claim's *state*, never about the caller's role. Role restrictions are proved
    separately in test_authorization.py; mixing the two would make a failure here
    ambiguous.
    ","24","test_illegal_transitions_are_refused[DRAFT-cannot-pay]","tests.api","2026-08-20","passed","2026-08-20","","test_state_machine","",""
"The taxonomy the framework already raises is the taxonomy the report uses.

    Keying on exception types rather than on message wording is what makes this
    survive: messages get reworded, ``ServiceNotReadyError`` does not.
    ","0","test_environment_failures_are_recognised_by_exception_type[AssertionError: Expected HTTP 201 but got 500-False]","tests.framework","2026-08-20","passed","2026-08-20","","test_allure_support","",""
"UI-FORM-001 - the full create journey through the interface.

    This is one of the few tests that genuinely *needs* a browser: it proves a
    person can complete the workflow, which no API test can tell you.
    ","194","test_submitting_a_valid_claim_creates_it[chromium]","tests.ui","2026-08-20","passed","2026-08-20","","test_claim_form","",""
"UI-AUTH-003 - user enumeration, checked at the interface as well as the API.

    The API test proves the response bodies match. This proves the *rendered*
    message matches too - a UI that helpfully said ""no account with that email""
    would leak exactly what the API was careful not to.
    ","177","test_an_unknown_account_gives_the_same_message_as_a_wrong_password[chromium]","tests.ui","2026-08-20","passed","2026-08-20","","test_login","",""
"Windows rejects these outright; Linux allows some of them and then surprises you.","0","test_characters_illegal_in_a_windows_path_are_removed[tests/api/test_x.py::test_question[?]]","tests.framework","2026-08-20","passed","2026-08-20","test_characters_illegal_in_a_windows_path_are_removed[tests/api/test_x.py","test_artifacts","",""
"","1","test_defaults_are_usable_without_any_environment_variables","tests.framework","2026-08-20","passed","2026-08-20","","test_settings","",""
"WITHDRAWN is terminal - reached by DELETE, and a dead end thereafter.","21","test_a_withdrawn_claim_accepts_no_transition[start_review]","tests.api","2026-08-20","passed","2026-08-20","","test_state_machine","",""
"A failing test is exactly when this matters, so it is exactly what is tested.","1","test_the_recorder_is_reset_even_when_the_test_raises","tests.framework","2026-08-20","passed","2026-08-20","","test_recording","",""
"API-STATE-005 - every combination that is not a published edge.

    Uses the administrator-capable actor so a refusal can only be about the
    claim's *state*, never about the caller's role. Role restrictions are proved
    separately in test_authorization.py; mixing the two would make a failure here
    ambiguous.
    ","44","test_illegal_transitions_are_refused[APPROVED-cannot-reject]","tests.api","2026-08-20","passed","2026-08-20","","test_state_machine","",""
"DB-INT-002 - an orphaned payout is money attached to nothing.","4","test_no_payout_points_at_a_missing_claim","tests.db","2026-08-20","passed","2026-08-20","","test_integrity","",""
"API-CLM-004, across every status the enum defines.

    Parametrised over the enum rather than a hand-picked list, so a new status
    cannot be added without being covered here.
    ","8","test_filtering_by_status_returns_only_that_status[SUBMITTED]","tests.api","2026-08-20","passed","2026-08-20","","test_claims_crud","",""
"WITHDRAWN is terminal - reached by DELETE, and a dead end thereafter.","20","test_a_withdrawn_claim_accepts_no_transition[approve]","tests.api","2026-08-20","passed","2026-08-20","","test_state_machine","",""
"DB-CLM-006 - a 422 must not leave a partial record behind.

    The failure mode being guarded against is a handler that inserts first and
    validates second. The API would still return an error, so no API test could
    detect it, while the database quietly accumulated invalid rows.

    **Scoped to this test's own marker, and the first version was not.** It
    compared a global ``count(*) WHERE status = 'DRAFT'`` before and after, which
    failed two runs in three under ``-n 4``: other workers legitimately create
    draft claims in between, so the number moves for reasons that have nothing to
    do with this test.

    That is the same error as the Phase 6 pagination flake, made again in a new
    layer - which is the argument for stating the rule as a rule rather than
    fixing instances of it. **A test may assert on an invariant globally, because
    an invariant holds no matter who else is writing. It may never assert on an
    aggregate globally, because an aggregate is a fact about the whole database
    and the whole database is shared.**
    ","13","test_a_rejected_write_leaves_no_row","tests.db","2026-08-20","passed","2026-08-20","","test_claim_persistence","",""
"","81","test_an_administrator_can_create_a_user","tests.api","2026-08-20","passed","2026-08-20","","test_authorization","",""
"Allure requires a FULL match, and a stack trace is never one line.

    Asserted for every pattern rather than for the one that was found broken:
    the next category somebody adds will be written by copying one of these, and
    a missing ``(?s)`` fails silently - the report keeps rendering, it simply
    stops classifying anything.
    ","1","test_every_pattern_can_match_across_a_multi_line_value[Browser timeout (element never became actionable)]","tests.framework","2026-08-20","passed","2026-08-20","","test_allure_support","",""
"E2E-003 - an administrative action reaches into a live browser session.

    This is the journey that cannot be tested from one layer at all. An
    administrator deactivates an account through the **API**; a **browser** that
    was already signed in must stop working on its very next request; the
    **database** must show the account inactive.

    It also documents this application's real revocation story honestly. A bearer
    token cannot be withdrawn without server-side state, which ClaimDesk
    deliberately does not keep - so deactivating the user *is* the revocation
    path, and it must therefore work immediately rather than at token expiry.
    ","434","test_deactivating_a_user_immediately_ends_their_browser_session[chromium]","tests.e2e","2026-08-20","passed","2026-08-20","","test_claim_lifecycle","",""
"API-CLM-016 - all four edges of the accepted range.","13","test_description_length_boundaries[exactly-maximum]","tests.api","2026-08-20","passed","2026-08-20","","test_claims_validation","",""
"UI-AUTHZ-003 - presentation, asserted in both directions.

    The negative alone would be satisfied by a navigation bar that renders no
    links at all, so the positive case is asserted in the same test.
    ","151","test_the_admin_link_is_hidden_from_a_customer_and_shown_to_an_administrator[chromium]","tests.ui","2026-08-20","passed","2026-08-20","","test_claim_workflow","",""
"API-AUTH-004.

    Asserting *which* field was rejected, not merely that something was. A test
    that only checks for 422 passes even when the API rejects the wrong field.
    ","3","test_malformed_login_payloads_are_rejected_by_field[email-missing]","tests.api","2026-08-20","passed","2026-08-20","","test_auth","",""
"Fail at session start with a clear message, not mid-run as a mystery.","1","test_out_of_range_values_fail_fast[LOG_LEVEL-chatty]","tests.framework","2026-08-20","passed","2026-08-20","","test_settings","",""
"Not even in CI, and this is the important one.

    A browser shares a machine with a compositor and a renderer, so a retry
    there answers a real question. An API or database test that fails
    intermittently is not flaky, it is **wrong** - a race, a shared-state
    assumption, a real product defect - and retrying it deletes the evidence.
    ","1","test_api_and_database_tests_are_never_retried[db]","tests.framework","2026-08-20","passed","2026-08-20","","test_flakiness","",""
"UI-CLM-006 - page two holds different claims from page one.

    **Scoped to the seeded corpus on purpose, and this test taught me why.**

    The first version paginated the unfiltered table, which is sorted newest-first.
    Under ``-n 4`` it failed roughly half the time: other workers create claims
    between the page-one and page-two requests, every row shifts down by one, and a
    claim seen at the bottom of page one reappears at the top of page two. The
    assertion was correct; the *premise* was wrong. You cannot paginate a data set
    that is being written to and expect stable page boundaries.

    Filtering to ``CLM-SEED`` fixes it properly rather than papering over it: the
    seeded corpus is 24 claims that no test mutates and no worker adds to, so the
    pages are deterministic no matter what else is running.
    ","359","test_the_table_paginates[chromium]","tests.ui","2026-08-20","passed","2026-08-20","","test_claims_list","",""
"API-CLM-004, across every status the enum defines.

    Parametrised over the enum rather than a hand-picked list, so a new status
    cannot be added without being covered here.
    ","7","test_filtering_by_status_returns_only_that_status[UNDER_REVIEW]","tests.api","2026-08-20","passed","2026-08-20","","test_claims_crud","",""
"A failing test must not leave its id in effect and mislabel later output.

    Compared against the ambient value rather than the module default, because
    these tests themselves run inside a correlation context: the autouse per-test
    log fixture in tests/conftest.py has already set one. Asserting the default
    here would be asserting that the framework is NOT doing its job.
    ","0","test_context_variable_is_restored_after_the_block","tests.framework","2026-08-20","passed","2026-08-20","","test_logging_and_correlation","",""
"The message must make it obvious this is not a product defect.

    A connection error surfacing as a wall of red test failures is how teams start
    distrusting a suite. The wording matters as much as the behaviour.
    ","0","test_times_out_with_a_message_that_blames_the_environment","tests.framework","2026-08-20","passed","2026-08-20","","test_readiness","",""
"","1","test_non_http_urls_are_rejected[localhost:8000]","tests.framework","2026-08-20","passed","2026-08-20","","test_settings","",""
"UI-FORM-002.

    Asserts the message is *visible*, not merely present in the DOM. An error
    rendered inside a collapsed container is invisible to the user and therefore
    does not exist as far as the product is concerned.
    ","142","test_invalid_amounts_are_rejected_with_a_visible_message[chromium-negative]","tests.ui","2026-08-20","passed","2026-08-20","","test_claim_form","",""
"API-STATE-005 - every combination that is not a published edge.

    Uses the administrator-capable actor so a refusal can only be about the
    claim's *state*, never about the caller's role. Role restrictions are proved
    separately in test_authorization.py; mixing the two would make a failure here
    ambiguous.
    ","48","test_illegal_transitions_are_refused[APPROVED-cannot-start_review]","tests.api","2026-08-20","passed","2026-08-20","","test_state_machine","",""
"API-AUTHZ-004 - the limit is inclusive.","43","test_an_adjuster_may_approve_up_to_and_including_the_limit[exactly-at-limit]","tests.api","2026-08-20","passed","2026-08-20","","test_authorization","",""
"Every fixture must see the same object, not a fresh read of the environment.","1","test_get_settings_is_cached","tests.framework","2026-08-20","passed","2026-08-20","","test_settings","",""
"A quarantined test must never outrank a real failure, even a smoke one.","0","test_severity_reflects_triage_order[markers0-critical]","tests.framework","2026-08-20","passed","2026-08-20","","test_allure_support","",""
"Fail at session start with a clear message, not mid-run as a mystery.","1","test_out_of_range_values_fail_fast[DB_PORT-0]","tests.framework","2026-08-20","passed","2026-08-20","","test_settings","",""
"Better no widget than a widget promising a link that goes nowhere.","0","test_a_local_run_gets_no_executor_block","tests.framework","2026-08-20","passed","2026-08-20","","test_allure_support","",""
"Allure applies the first match, so a catch-all placed early hides the causes.

    ""Product defect"" matching every failure is correct only once the specific
    causes above it have been ruled out. If it moved up the list, every
    environment outage would be filed as a product bug - the exact mistake this
    ordering exists to prevent.
    ","0","test_the_catch_all_categories_come_last","tests.framework","2026-08-20","passed","2026-08-20","","test_allure_support","",""
"Fixtures build purpose-made Settings objects without touching the environment.","1","test_settings_can_be_constructed_directly_for_tests","tests.framework","2026-08-20","passed","2026-08-20","","test_settings","",""
"A state change that leaves no audit row is invisible to compliance.","41","test_withdrawal_is_recorded_in_the_audit_trail","tests.api","2026-08-20","passed","2026-08-20","","test_claims_crud","",""
"API-AUTHZ-001 - and it must be 404, not 403.

    403 confirms the resource exists. Repeated against a range of identifiers that
    turns into an enumeration oracle: an attacker learns which claims are real
    without ever reading one. 404 reveals nothing.
    ","16","test_a_customer_cannot_read_another_customers_claim","tests.api","2026-08-20","passed","2026-08-20","","test_authorization","",""
"The variable is TEST_ENV, not ENV - ENV is far too generic to claim.","1","test_environment_is_read_from_the_test_env_alias","tests.framework","2026-08-20","passed","2026-08-20","","test_settings","",""
"","0","test_explicit_run_id_beats_the_environment","tests.framework","2026-08-20","passed","2026-08-20","","test_artifacts","",""
"","1","test_messages_reach_the_worker_log_file","tests.framework","2026-08-20","passed","2026-08-20","","test_logging_and_correlation","",""
"Removing each field in turn, so no field is 'required' only in the docs.","4","test_every_required_field_is_actually_required[policy_id]","tests.api","2026-08-20","passed","2026-08-20","","test_claims_validation","",""
"","0","test_today_is_utc_not_local","tests.framework","2026-08-20","passed","2026-08-20","","test_clock","",""
"A quarantined test must never outrank a real failure, even a smoke one.","0","test_severity_reflects_triage_order[markers3-minor]","tests.framework","2026-08-20","passed","2026-08-20","","test_allure_support","",""
"API-CLM-007.

    The order is recomputed in Python and compared, rather than spot-checking the
    first and last rows - a spot check passes on a list that is wrong in the
    middle.
    ","12","test_sorting_orders_the_results[amount-ascending]","tests.api","2026-08-20","passed","2026-08-20","","test_claims_crud","",""
"Allure requires a FULL match, and a stack trace is never one line.

    Asserted for every pattern rather than for the one that was found broken:
    the next category somebody adds will be written by copying one of these, and
    a missing ``(?s)`` fails silently - the report keeps rendering, it simply
    stops classifying anything.
    ","1","test_every_pattern_can_match_across_a_multi_line_value[Contract violation (response did not match its model)]","tests.framework","2026-08-20","passed","2026-08-20","","test_allure_support","",""
"","1","test_masked_report_block_contains_no_secrets","tests.framework","2026-08-20","passed","2026-08-20","","test_settings","",""
"UI-AUTH-001 - the canonical happy path.","337","test_a_customer_can_sign_in[chromium]","tests.ui","2026-08-20","passed","2026-08-20","","test_login","",""
"Removing each field in turn, so no field is 'required' only in the docs.","6","test_every_required_field_is_actually_required[incident_date]","tests.api","2026-08-20","passed","2026-08-20","","test_claims_validation","",""
"Regression test for empty artefact logs.

    Setting the LOGGER to INFO drops debug records before any handler sees them,
    so every per-test log file ends up empty - which is discovered at the worst
    possible moment, while triaging a real failure. The logger stays at DEBUG and
    only the console is levelled.
    ","0","test_debug_detail_reaches_the_files_even_when_the_console_is_quiet","tests.framework","2026-08-20","passed","2026-08-20","","test_logging_and_correlation","",""
"Allure requires a FULL match, and a stack trace is never one line.

    Asserted for every pattern rather than for the one that was found broken:
    the next category somebody adds will be written by copying one of these, and
    a missing ``(?s)`` fails silently - the report keeps rendering, it simply
    stops classifying anything.
    ","0","test_every_pattern_can_match_across_a_multi_line_value[Product defect]","tests.framework","2026-08-20","passed","2026-08-20","","test_allure_support","",""
"DB-CLM-003 - and the update timestamp moves.","47","test_updating_a_draft_is_persisted","tests.db","2026-08-20","passed","2026-08-20","","test_claim_persistence","",""
"DB-AUDIT-003 - attribution, resolved to real users.

    The customer submits; the adjuster reviews and approves. Recording the wrong
    actor would be worse than recording none - it implicates somebody who did not
    act.
    ","61","test_each_audit_row_names_the_actor_who_caused_it","tests.db","2026-08-20","passed","2026-08-20","","test_audit_and_payouts","",""
"API-STATE-005 - every combination that is not a published edge.

    Uses the administrator-capable actor so a refusal can only be about the
    claim's *state*, never about the caller's role. Role restrictions are proved
    separately in test_authorization.py; mixing the two would make a failure here
    ambiguous.
    ","30","test_illegal_transitions_are_refused[SUBMITTED-cannot-submit]","tests.api","2026-08-20","passed","2026-08-20","","test_state_machine","",""
"UI-FORM-005 - a business rule surfaced in the interface.

    Uses the 2 500.00 policy and exceeds it by one cent, so the failure can only
    be the coverage limit and not the adjuster approval limit, which sits higher.
    ","209","test_an_amount_over_the_policy_coverage_limit_is_rejected[chromium]","tests.ui","2026-08-20","passed","2026-08-20","","test_claim_form","",""
"API-STATE-005 - every combination that is not a published edge.

    Uses the administrator-capable actor so a refusal can only be about the
    claim's *state*, never about the caller's role. Role restrictions are proved
    separately in test_authorization.py; mixing the two would make a failure here
    ambiguous.
    ","57","test_illegal_transitions_are_refused[UNDER_REVIEW-cannot-start_review]","tests.api","2026-08-20","passed","2026-08-20","","test_state_machine","",""
"","1","test_the_environment_block_is_sorted_so_two_runs_can_be_diffed","tests.framework","2026-08-20","passed","2026-08-20","","test_allure_support","",""
"``days_ago=0`` is what the ""an incident dated today is accepted"" test sends.","0","test_zero_days_ago_is_the_boundary_value_itself","tests.framework","2026-08-20","passed","2026-08-20","","test_clock","",""
"API-STATE-001 - each documented edge, exercised in isolation.

    Driven from the same table that generates the negative matrix, so the positive
    and negative sets can never drift apart from each other.
    ","23","test_every_published_transition_is_accepted[DRAFT-submit-SUBMITTED]","tests.api","2026-08-20","passed","2026-08-20","","test_state_machine","",""
"Allure requires a FULL match, and a stack trace is never one line.

    Asserted for every pattern rather than for the one that was found broken:
    the next category somebody adds will be written by copying one of these, and
    a missing ``(?s)`` fails silently - the report keeps rendering, it simply
    stops classifying anything.
    ","0","test_every_pattern_can_match_across_a_multi_line_value[Skipped by configuration]","tests.framework","2026-08-20","passed","2026-08-20","","test_allure_support","",""
"Two ids sharing a long prefix must not collapse onto one directory.

    Parametrised tests routinely produce node ids longer than the Windows path
    limit. Truncating alone would let two tests overwrite each other's evidence -
    so truncation carries a hash of the full id.
    ","1","test_long_node_ids_are_truncated_but_stay_unique","tests.framework","2026-08-20","passed","2026-08-20","","test_artifacts","",""
"Prevents the classic ``//api/v1`` double-slash 404 that looks like a real bug.","1","test_trailing_slash_is_stripped_from_urls","tests.framework","2026-08-20","passed","2026-08-20","","test_settings","",""
"The inside edge of the future-date rule: today is not the future.","10","test_an_incident_dated_today_is_accepted","tests.api","2026-08-20","passed","2026-08-20","","test_claims_validation","",""
"A wait budgeted at 2s must not take 2.5s because of a final sleep.","0","test_never_sleeps_past_the_deadline","tests.framework","2026-08-20","passed","2026-08-20","","test_readiness","",""
"API-CLM-004, across every status the enum defines.

    Parametrised over the enum rather than a hand-picked list, so a new status
    cannot be added without being covered here.
    ","6","test_filtering_by_status_returns_only_that_status[REJECTED]","tests.api","2026-08-20","passed","2026-08-20","","test_claims_crud","",""
"API-AUTH-005.

    The client here has never logged in. That is the whole point: in Phase 3 this
    exact check passed against a *shared* client because a leftover session cookie
    authenticated it. See ADR 0007.
    ","3","test_a_protected_endpoint_rejects_an_anonymous_request","tests.api","2026-08-20","passed","2026-08-20","","test_auth","",""
"API-CLM-009 - **specification corrected by this test.**

    The Phase 1 matrix originally specified ``DELETE -> 204, then GET -> 404``.
    The application returns ``200`` with ``status=WITHDRAWN``, and on
    investigation the *specification* was wrong:

    * ``WITHDRAWN`` is a published value of the status enum;
    * the list endpoint returns withdrawn claims and accepts ``?status=WITHDRAWN``.

    A detail endpoint returning 404 for a resource the list endpoint happily
    returns is incoherent, and it would also hide a claim from the customer who
    withdrew it. Withdrawal is a state transition, not a deletion - so the row
    stays, the audit trail records it, and the resource stays readable.

    The soft delete itself is proven by DB-CLM-004, because only the database can
    show that the row survived rather than being removed.
    ","21","test_withdrawing_a_draft_moves_it_to_withdrawn_and_keeps_it_visible","tests.api","2026-08-20","passed","2026-08-20","","test_claims_crud","",""
"UI-AUTHZ-001 - checked in the table, where a scoping bug would show first.","169","test_a_customer_never_sees_another_customers_claim[chromium]","tests.ui","2026-08-20","passed","2026-08-20","","test_claim_workflow","",""
"Fail at session start with a clear message, not mid-run as a mystery.","1","test_out_of_range_values_fail_fast[HTTP_TIMEOUT_SECONDS-0]","tests.framework","2026-08-20","passed","2026-08-20","","test_settings","",""
"A leaked handler would bleed one test's output into every later test's file.","0","test_the_handler_is_removed_even_when_the_test_raises","tests.framework","2026-08-20","passed","2026-08-20","","test_logging_and_correlation","",""
"API-AUTH-004.

    Asserting *which* field was rejected, not merely that something was. A test
    that only checks for 422 passes even when the API rejects the wrong field.
    ","3","test_malformed_login_payloads_are_rejected_by_field[email-empty]","tests.api","2026-08-20","passed","2026-08-20","","test_auth","",""
"","0","test_run_id_can_be_folded_in_to_separate_concurrent_runs","tests.framework","2026-08-20","passed","2026-08-20","","test_logging_and_correlation","",""
"API-CLM-014. One cent is the smallest legal value; it must not be rounded away.","13","test_the_smallest_payable_amount_is_accepted","tests.api","2026-08-20","passed","2026-08-20","","test_claims_validation","",""
"E2E-001 - one action, three independent confirmations.

    The browser is the *only* thing that acts here. The API and the database are
    then asked, independently, what happened. If any layer disagreed - a value
    displayed but not sent, sent but not stored, stored under a different
    reference - this is the test that would catch it.
    ","369","test_a_claim_filed_in_the_browser_is_visible_to_the_api_and_the_database[chromium]","tests.e2e","2026-08-20","passed","2026-08-20","","test_claim_lifecycle","",""
"Probe first, then check the clock - otherwise an up service could still fail.","0","test_a_zero_timeout_still_gives_the_probe_one_attempt","tests.framework","2026-08-20","passed","2026-08-20","","test_readiness","",""
"","5","test_non_numeric_amounts_are_rejected[empty]","tests.api","2026-08-20","passed","2026-08-20","","test_claims_validation","",""
"A malformed regex here disables triage silently - Allure just stops matching.","0","test_the_categories_file_is_valid_json_and_every_regex_compiles","tests.framework","2026-08-20","passed","2026-08-20","","test_allure_support","",""
"Proves the risk is real rather than theoretical.

    If UTC and the local date were always identical this module would be
    pointless. They are not: the difference is exactly what the container and
    the developer's laptop discovered, so the possibility is asserted here
    instead of being taken on trust.
    ","1","test_utc_and_local_can_genuinely_disagree","tests.framework","2026-08-20","passed","2026-08-20","","test_clock","",""
"Stability is the feature: it lets you compare a test's requests over time.","0","test_request_id_is_stable_across_runs","tests.framework","2026-08-20","passed","2026-08-20","","test_logging_and_correlation","",""
"API-AUTH-006. Every malformed shape must land on 401, never 500.","3","test_malformed_authorization_headers_are_rejected[three-segments-but-garbage]","tests.api","2026-08-20","passed","2026-08-20","","test_auth","",""
"Reporting must never be able to fail the thing it reports on.","0","test_a_missing_build_number_does_not_crash_the_run","tests.framework","2026-08-20","passed","2026-08-20","","test_allure_support","",""
"The header, the fixture and the report must all print the same number.","0","test_the_derived_seed_is_stable_for_a_given_run","tests.framework","2026-08-20","passed","2026-08-20","","test_flakiness","",""
"Otherwise every run generates identical data and a collision hides forever.","0","test_different_runs_get_different_seeds","tests.framework","2026-08-20","passed","2026-08-20","","test_flakiness","",""
"UI-CLM-004 - every visible chip must match the selected filter.","151","test_filtering_by_status_shows_only_that_status[chromium]","tests.ui","2026-08-20","passed","2026-08-20","","test_claims_list","",""
"TLS 1.0 and 1.1 must never be explicitly re-enabled here.

    This assertion used to be ``minimum_version >= TLSv1_2`` and it failed the
    moment the suite ran in a container:

        assert <TLSVersion.MINIMUM_SUPPORTED: -2> >= <TLSVersion.TLSv1_2: 771>

    Both environments are secure. ``MINIMUM_SUPPORTED`` means ""whatever this
    OpenSSL build's system policy allows"", which on Ubuntu 24.04 is TLS 1.2 -
    the platform simply expresses the same guarantee with a different value.

    So the original test was asserting a **platform default**, not a property of
    this framework, and it would keep breaking on every OS whose OpenSSL is
    configured differently. What this module actually controls is that it does
    not *weaken* anything, and that is what is asserted now: the two obsolete
    versions are never explicitly selected.
    ","0","test_the_shared_context_refuses_obsolete_protocols","tests.framework","2026-08-20","passed","2026-08-20","","test_tls","",""
"UI-AUTH-004.

    Sign-out must actually invalidate the browser session, not merely redirect.
    So after signing out the test navigates *back* to a protected page: if the
    session survived, the dashboard would render and this would fail.
    ","225","test_signing_out_ends_the_session[chromium]","tests.ui","2026-08-20","passed","2026-08-20","","test_login","",""
"Windows rejects these outright; Linux allows some of them and then surprises you.","1","test_characters_illegal_in_a_windows_path_are_removed[tests/api/test_x.py::test_star[*]]","tests.framework","2026-08-20","passed","2026-08-20","test_characters_illegal_in_a_windows_path_are_removed[tests/api/test_x.py","test_artifacts","",""
"","1","test_different_tests_get_different_request_ids","tests.framework","2026-08-20","passed","2026-08-20","","test_logging_and_correlation","",""
"UI-CLM-011 - the most interesting test in the browser suite.

    The button is offered on purpose. Buttons are rendered from the claim's
    *status* and the caller's *role*; the approval limit is enforced when the
    action is taken. Hiding the button instead would move authorisation into a
    template - where it is unenforceable, untestable through the interface, and
    trivially bypassed by anyone who can issue an HTTP request.

    So the test asserts all three things that matter: the button is there, the
    attempt is refused with a message the user can act on, and **the claim did not
    move**. Only the third one catches a refusal that changed state anyway.
    ","320","test_the_approve_button_is_offered_but_the_server_refuses_over_the_limit[chromium]","tests.ui","2026-08-20","passed","2026-08-20","","test_claim_workflow","",""
"Not even in CI, and this is the important one.

    A browser shares a machine with a compositor and a renderer, so a retry
    there answers a real question. An API or database test that fails
    intermittently is not flaky, it is **wrong** - a race, a shared-state
    assumption, a real product defect - and retrying it deletes the evidence.
    ","0","test_api_and_database_tests_are_never_retried[api]","tests.framework","2026-08-20","passed","2026-08-20","","test_flakiness","",""
"DB-SEC-001 - one query, and it catches hashing being disabled entirely.

    Checked two ways: the seeded password appears in no ``password_hash``, and the
    stored value carries a bcrypt prefix. The first catches a no-op hash; the
    second catches a hash that is present but not the algorithm intended.
    ","4","test_passwords_are_never_stored_in_plaintext","tests.db","2026-08-20","passed","2026-08-20","","test_claim_persistence","",""
"The dangerous failure mode: evidence that looks real and is misattributed.","0","test_the_recorder_does_not_leak_into_the_next_test","tests.framework","2026-08-20","passed","2026-08-20","","test_recording","",""
"A headed browser on a CI agent waits forever for a display that never exists.","1","test_ci_forces_headless_even_if_asked_otherwise","tests.framework","2026-08-20","passed","2026-08-20","","test_settings","",""
"API-STATE-001 - each documented edge, exercised in isolation.

    Driven from the same table that generates the negative matrix, so the positive
    and negative sets can never drift apart from each other.
    ","66","test_every_published_transition_is_accepted[APPROVED-pay-PAID]","tests.api","2026-08-20","passed","2026-08-20","","test_state_machine","",""
"API-CLM-004, across every status the enum defines.

    Parametrised over the enum rather than a hand-picked list, so a new status
    cannot be added without being covered here.
    ","7","test_filtering_by_status_returns_only_that_status[PAID]","tests.api","2026-08-20","passed","2026-08-20","","test_claims_crud","",""
"","1","test_dotenv_file_is_read_when_provided","tests.framework","2026-08-20","passed","2026-08-20","","test_settings","",""
"A thousand-request test must not turn its evidence into a memory problem.

    Truncating silently would be worse than not recording at all: a reader would
    draw conclusions from a timeline that quietly began in the middle.
    ","0","test_history_is_bounded_and_says_what_it_dropped","tests.framework","2026-08-20","passed","2026-08-20","","test_recording","",""
"API-CLM-004, across every status the enum defines.

    Parametrised over the enum rather than a hand-picked list, so a new status
    cannot be added without being covered here.
    ","7","test_filtering_by_status_returns_only_that_status[WITHDRAWN]","tests.api","2026-08-20","passed","2026-08-20","","test_claims_crud","",""
"DB-AUDIT-004 - an attempt is not a transition.

    Recording refused attempts in the same table would falsify the history: a
    reader could no longer tell what happened from what was merely tried.
    ","33","test_a_refused_transition_writes_no_audit_row","tests.db","2026-08-20","passed","2026-08-20","","test_audit_and_payouts","",""
"500 passing tests must not leave 500 empty directories.","0","test_directories_are_created_lazily","tests.framework","2026-08-20","passed","2026-08-20","","test_artifacts","",""
"","10","test_non_numeric_amounts_are_rejected[scientific-notation]","tests.api","2026-08-20","passed","2026-08-20","","test_claims_validation","",""
"","5","test_page_numbers_below_one_are_rejected[-1]","tests.api","2026-08-20","passed","2026-08-20","","test_claims_validation","",""
"Windows rejects these outright; Linux allows some of them and then surprises you.","0","test_characters_illegal_in_a_windows_path_are_removed[tests/ui/test_x.py::test_quote[""value""]]","tests.framework","2026-08-20","passed","2026-08-20","test_characters_illegal_in_a_windows_path_are_removed[tests/ui/test_x.py","test_artifacts","",""
"Authorisation expressed as an interface constraint.

    The customer holds POL-1001 and POL-1002; POL-2001 belongs to somebody else
    and must not be selectable. The server enforces this too - the browser check
    proves a user cannot even be led into the mistake.
    ","21","test_the_form_only_offers_policies_the_customer_holds[chromium]","tests.ui","2026-08-20","passed","2026-08-20","","test_claim_form","",""
"","1","test_unknown_environment_is_rejected","tests.framework","2026-08-20","passed","2026-08-20","","test_settings","",""
"API-STATE-001 - each documented edge, exercised in isolation.

    Driven from the same table that generates the negative matrix, so the positive
    and negative sets can never drift apart from each other.
    ","35","test_every_published_transition_is_accepted[UNDER_REVIEW-approve-APPROVED]","tests.api","2026-08-20","passed","2026-08-20","","test_state_machine","",""
"UI-CLM-009 - the history a compliance reviewer would actually read.","155","test_the_audit_trail_is_visible_and_complete[chromium]","tests.ui","2026-08-20","passed","2026-08-20","","test_claim_workflow","",""
"API-CLM-004, across every status the enum defines.

    Parametrised over the enum rather than a hand-picked list, so a new status
    cannot be added without being covered here.
    ","6","test_filtering_by_status_returns_only_that_status[APPROVED]","tests.api","2026-08-20","passed","2026-08-20","","test_claims_crud","",""
"API-AUTH-004.

    Asserting *which* field was rejected, not merely that something was. A test
    that only checks for 422 passes even when the API rejects the wrong field.
    ","3","test_malformed_login_payloads_are_rejected_by_field[email-malformed]","tests.api","2026-08-20","passed","2026-08-20","","test_auth","",""
"API-CLM-010 / 011.","5","test_non_positive_amounts_are_rejected[negative-one-cent]","tests.api","2026-08-20","passed","2026-08-20","","test_claims_validation","",""
"API-CLM-017.","6","test_creating_a_claim_against_an_unknown_policy_is_rejected","tests.api","2026-08-20","passed","2026-08-20","","test_claims_validation","",""
"An unbounded page size is a denial-of-service vector, not a convenience.","9","test_page_size_boundaries[size-maximum]","tests.api","2026-08-20","passed","2026-08-20","","test_claims_validation","",""
"The whole point: one context, not one per client.

    Identity, not equality - two distinct-but-equivalent contexts would still pay
    the construction cost this exists to avoid.
    ","0","test_the_context_is_built_once_and_reused","tests.framework","2026-08-20","passed","2026-08-20","","test_tls","",""
"E2E-002 - the money journey, from a click to the ledger.

    Arranged through the API, decided in the browser, verified in the database.
    That split is the point: the expensive browser interaction covers only the
    step this test is actually about.
    ","817","test_a_claim_approved_in_the_browser_is_paid_correctly_in_the_ledger[chromium]","tests.e2e","2026-08-20","passed","2026-08-20","","test_claim_lifecycle","",""
"API-AUTH-006. Every malformed shape must land on 401, never 500.","4","test_malformed_authorization_headers_are_rejected[empty]","tests.api","2026-08-20","passed","2026-08-20","","test_auth","",""
"References are user-facing identifiers; a collision is a real incident.","57","test_each_claim_receives_a_distinct_reference","tests.api","2026-08-20","passed","2026-08-20","","test_claims_crud","",""
"DB-INT-001.

    A foreign key should make this impossible - which is exactly why it is worth
    asserting. ""There is a constraint"" and ""the constraint is valid and enforced""
    are different statements, and a migration that dropped one would go unnoticed
    until the data was already wrong.
    ","4","test_no_audit_row_points_at_a_missing_claim","tests.db","2026-08-20","passed","2026-08-20","","test_integrity","",""
"API-AUTHZ-005.

    Also asserts the claim did **not** move. A refusal that still changes state is
    worse than no refusal at all, and a test that only checks the status code
    would miss it entirely.
    ","37","test_an_adjuster_may_not_approve_above_the_limit[one-cent-above-limit]","tests.api","2026-08-20","passed","2026-08-20","","test_authorization","",""
"WITHDRAWN is terminal - reached by DELETE, and a dead end thereafter.","22","test_a_withdrawn_claim_accepts_no_transition[submit]","tests.api","2026-08-20","passed","2026-08-20","","test_state_machine","",""
"API-STATE-005 - every combination that is not a published edge.

    Uses the administrator-capable actor so a refusal can only be about the
    claim's *state*, never about the caller's role. Role restrictions are proved
    separately in test_authorization.py; mixing the two would make a failure here
    ambiguous.
    ","96","test_illegal_transitions_are_refused[PAID-cannot-pay]","tests.api","2026-08-20","passed","2026-08-20","","test_state_machine","",""
"Past the last page is empty, not an error - clients paginate blindly.","7","test_a_page_beyond_the_end_returns_an_empty_page","tests.api","2026-08-20","passed","2026-08-20","","test_claims_validation","",""
"API-CLM-004, across every status the enum defines.

    Parametrised over the enum rather than a hand-picked list, so a new status
    cannot be added without being covered here.
    ","9","test_filtering_by_status_returns_only_that_status[DRAFT]","tests.api","2026-08-20","passed","2026-08-20","","test_claims_crud","",""
"The file we tell people to copy must produce a valid configuration.

    Added after `.env.example` shipped `FAKER_SEED=` with an empty value, which
    failed integer parsing - so the documented first step, `cp .env.example .env`,
    produced a framework that could not start.
    ","4","test_the_shipped_env_example_actually_loads","tests.framework","2026-08-20","passed","2026-08-20","","test_settings","",""
"","0","test_node_id_becomes_a_safe_directory_name","tests.framework","2026-08-20","passed","2026-08-20","","test_artifacts","",""
"Sort parameters are an allow-list, never a passthrough to a column name.

    A sort parameter interpolated into SQL is a classic injection point, and one
    that leaks data even without injection: sorting by a column you cannot see
    still reveals its ordering.
    ","7","test_sorting_by_an_unpermitted_field_is_rejected[unlisted-column]","tests.api","2026-08-20","passed","2026-08-20","","test_claims_validation","",""
"API-CLM-007.

    The order is recomputed in Python and compared, rather than spot-checking the
    first and last rows - a spot check passes on a list that is wrong in the
    middle.
    ","14","test_sorting_orders_the_results[amount-descending]","tests.api","2026-08-20","passed","2026-08-20","","test_claims_crud","",""
"API-AUTH-003 - a user-enumeration check.

    If ""no such account"" and ""wrong password"" produce different responses, anyone
    can discover which email addresses are registered by watching the difference.
    Status code, message and timing-independent body must all match.
    ","69","test_unknown_user_and_wrong_password_are_indistinguishable","tests.api","2026-08-20","passed","2026-08-20","","test_auth","",""
"","4","test_non_numeric_amounts_are_rejected[whitespace]","tests.api","2026-08-20","passed","2026-08-20","","test_claims_validation","",""
"API-CLM-015.

    Silently rounding money is the defect being guarded against. If the API
    accepted 1.005 and stored 1.01, the customer's records and the insurer's would
    disagree by a cent per claim - and nobody would notice until reconciliation.
    ","4","test_amounts_with_more_than_two_decimal_places_are_rejected_not_rounded[sub-cent]","tests.api","2026-08-20","passed","2026-08-20","","test_claims_validation","",""
"API-CLM-018. Malformed input is 422; well-formed-but-absent is 404.","5","test_a_malformed_identifier_is_a_validation_error[not-a-uuid]","tests.api","2026-08-20","passed","2026-08-20","","test_claims_validation","",""
"DB-AUDIT-001.

    Counted, not merely checked for presence. A retry that writes two rows for one
    transition corrupts the history exactly as badly as writing none, and only a
    count can tell the difference.
    ","52","test_every_transition_writes_exactly_one_audit_row","tests.db","2026-08-20","passed","2026-08-20","","test_audit_and_payouts","",""
"DB-INT-005 - the amount paid equals the amount approved.

    A payout that drifted from its claim is the shape a rounding bug takes once it
    reaches production.
    ","5","test_no_payout_disagrees_with_its_claim","tests.db","2026-08-20","passed","2026-08-20","","test_integrity","",""
"API-STATE-005 - every combination that is not a published edge.

    Uses the administrator-capable actor so a refusal can only be about the
    claim's *state*, never about the caller's role. Role restrictions are proved
    separately in test_authorization.py; mixing the two would make a failure here
    ambiguous.
    ","91","test_illegal_transitions_are_refused[PAID-cannot-start_review]","tests.api","2026-08-20","passed","2026-08-20","","test_state_machine","",""
"","5","test_non_numeric_amounts_are_rejected[comma-decimal-separator]","tests.api","2026-08-20","passed","2026-08-20","","test_claims_validation","",""
"A quarantined test must never outrank a real failure, even a smoke one.","0","test_severity_reflects_triage_order[markers1-normal]","tests.framework","2026-08-20","passed","2026-08-20","","test_allure_support","",""
"API-AUTH-006. Every malformed shape must land on 401, never 500.","3","test_malformed_authorization_headers_are_rejected[scheme-only]","tests.api","2026-08-20","passed","2026-08-20","","test_auth","",""
"UI-CLM-007 - an action taken in the browser changes real state.","235","test_a_customer_can_submit_their_draft[chromium]","tests.ui","2026-08-20","passed","2026-08-20","","test_claim_workflow","",""
"API-STATE-005 - every combination that is not a published edge.

    Uses the administrator-capable actor so a refusal can only be about the
    claim's *state*, never about the caller's role. Role restrictions are proved
    separately in test_authorization.py; mixing the two would make a failure here
    ambiguous.
    ","48","test_illegal_transitions_are_refused[APPROVED-cannot-submit]","tests.api","2026-08-20","passed","2026-08-20","","test_state_machine","",""
"Real environments exist where an SDET has no database access at all.

    The suite must still be runnable there - db-marked tests skip with a reason.
    ","0","test_database_may_be_disabled_entirely","tests.framework","2026-08-20","passed","2026-08-20","","test_settings","",""
"","13","test_searching_by_reference_finds_exactly_that_claim","tests.api","2026-08-20","passed","2026-08-20","","test_claims_crud","",""
"Zero is a seed, not ""unset"".

    Written because `if configured:` would silently ignore it, and the failure
    would be invisible: the run would still work, simply not with the seed the
    person asked for.
    ","1","test_a_configured_seed_of_zero_is_honoured","tests.framework","2026-08-20","passed","2026-08-20","","test_flakiness","",""
"API-STATE-005 - every combination that is not a published edge.

    Uses the administrator-capable actor so a refusal can only be about the
    claim's *state*, never about the caller's role. Role restrictions are proved
    separately in test_authorization.py; mixing the two would make a failure here
    ambiguous.
    ","28","test_illegal_transitions_are_refused[SUBMITTED-cannot-reject]","tests.api","2026-08-20","passed","2026-08-20","","test_state_machine","",""
"","1","test_path_for_returns_a_file_inside_the_test_directory","tests.framework","2026-08-20","passed","2026-08-20","","test_artifacts","",""
"API-CLM-016 - all four edges of the accepted range.","3","test_description_length_boundaries[one-below-minimum]","tests.api","2026-08-20","passed","2026-08-20","","test_claims_validation","",""
"The control from ADR 0003, tested rather than assumed.

    Every claim this framework makes about not writing to the database rests on
    this. An untested safety control is a belief, and beliefs about permissions
    are wrong surprisingly often - a well-meaning ``GRANT ALL`` during an incident
    is all it takes.

    The failure is raised as a ``DatabaseError``, not an ``AssertionError``,
    because being refused is the framework working correctly rather than the
    product misbehaving.
    ","1","test_the_qa_role_cannot_modify_anything[truncate]","tests.db","2026-08-20","passed","2026-08-20","","test_integrity","",""
"API-CLM-019. The distinction from the previous test is the whole point.","6","test_a_well_formed_but_unknown_identifier_is_not_found","tests.api","2026-08-20","passed","2026-08-20","","test_claims_validation","",""
"DB-INT-007 - asserted against ``information_schema``, not against rows.

    This is the test that catches the defect *before* it produces a wrong value.
    A column declared ``double precision`` behaves correctly for most amounts and
    then, one day, cannot represent one - by which point the wrong number is
    already in the ledger.

    Scale is asserted too: ``NUMERIC`` without a scale would accept three decimal
    places and store them, quietly turning a validation rule into a suggestion.
    ","15","test_money_is_stored_as_exact_numeric_not_floating_point","tests.db","2026-08-20","passed","2026-08-20","","test_integrity","",""
"","4","test_non_numeric_amounts_are_rejected[text]","tests.api","2026-08-20","passed","2026-08-20","","test_claims_validation","",""
"A quarantined test must never outrank a real failure, even a smoke one.","0","test_severity_reflects_triage_order[markers2-normal]","tests.framework","2026-08-20","passed","2026-08-20","","test_allure_support","",""
"","8","test_an_administrator_can_list_users","tests.api","2026-08-20","passed","2026-08-20","","test_authorization","",""
"DB-PAY-001.","50","test_paying_a_claim_writes_exactly_one_payout_for_the_right_amount","tests.db","2026-08-20","passed","2026-08-20","","test_audit_and_payouts","",""
"API-STATE-006. Editing a settled claim would desynchronise it from its payout.","89","test_a_paid_claim_cannot_be_edited","tests.api","2026-08-20","passed","2026-08-20","","test_state_machine","",""
"A token response has no business carrying credential material.","66","test_the_login_response_does_not_leak_the_password_hash","tests.api","2026-08-20","passed","2026-08-20","","test_auth","",""
"Windows rejects these outright; Linux allows some of them and then surprises you.","0","test_characters_illegal_in_a_windows_path_are_removed[tests/api/test_x.py::test_pipe[a|b]]","tests.framework","2026-08-20","passed","2026-08-20","test_characters_illegal_in_a_windows_path_are_removed[tests/api/test_x.py","test_artifacts","",""
"API-AUTH-006. Every malformed shape must land on 401, never 500.","2","test_malformed_authorization_headers_are_rejected[lowercase-scheme-garbage-token]","tests.api","2026-08-20","passed","2026-08-20","","test_auth","",""
"API-CLM-001.

    Validating against ClaimModel checks every documented field's presence, type
    and name in one line - and, because the model forbids extras, fails if an
    undocumented field appears.
    ","18","test_creating_a_claim_returns_the_full_contract","tests.api","2026-08-20","passed","2026-08-20","","test_claims_crud","",""
"API-AUTHZ-006 - the escalation path exists and works.

    Without this, the previous test would be satisfied by an API that refuses
    large approvals to everybody, which is a different product entirely.
    ","37","test_an_administrator_may_approve_above_the_adjuster_limit","tests.api","2026-08-20","passed","2026-08-20","","test_authorization","",""
"API-CLM-015.

    Silently rounding money is the defect being guarded against. If the API
    accepted 1.005 and stored 1.01, the customer's records and the insurer's would
    disagree by a cent per claim - and nobody would notice until reconciliation.
    ","6","test_amounts_with_more_than_two_decimal_places_are_rejected_not_rounded[three-decimals]","tests.api","2026-08-20","passed","2026-08-20","","test_claims_validation","",""
"API-STATE-005 - every combination that is not a published edge.

    Uses the administrator-capable actor so a refusal can only be about the
    claim's *state*, never about the caller's role. Role restrictions are proved
    separately in test_authorization.py; mixing the two would make a failure here
    ambiguous.
    ","45","test_illegal_transitions_are_refused[APPROVED-cannot-approve]","tests.api","2026-08-20","passed","2026-08-20","","test_state_machine","",""
"One shared file would interleave lines from parallel processes and lose some.","0","test_each_worker_writes_its_own_log_file","tests.framework","2026-08-20","passed","2026-08-20","","test_artifacts","",""
"Being staff is not the same as being an administrator.","11","test_an_adjuster_cannot_administer_users","tests.api","2026-08-20","passed","2026-08-20","","test_authorization","",""
"API-STATE-002 / the audit half of the contract.

    Counted rather than merely checked for presence: a retry that writes two rows
    for one transition corrupts the trail just as badly as writing none, and only
    a count catches it.
    ","71","test_every_transition_appends_exactly_one_audit_event","tests.api","2026-08-20","passed","2026-08-20","","test_state_machine","",""
"","0","test_entries_are_captured_in_order_and_kept_apart","tests.framework","2026-08-20","passed","2026-08-20","","test_recording","",""
"Characterisation test for a real finding, assessed as LOW severity.

    Python's ``Decimal`` accepts any character in the Unicode ``Nd`` category, so
    non-ASCII numerals are silently normalised: full-width and Arabic-Indic ""123""
    both become ``123.00``.

    Why this is documented rather than ""fixed"":

    * the parsed value is **unambiguous and correct** - those characters really do
      mean one hundred and twenty-three;
    * no business rule is bypassed, because the normalised amount is still checked
      against the policy coverage limit;
    * rejecting them would invent a requirement and would refuse legitimate input
      from users whose keyboards produce those digits.

    What this test guards is the part that *would* matter: if the API accepts the
    input, the stored value must be exactly what the characters mean - never a
    truncation, and never a silently different number. A bug here would be a
    financial defect.
    ","8","test_non_ascii_digits_are_normalised_rather_than_rejected[arabic-indic-digits]","tests.api","2026-08-20","passed","2026-08-20","","test_claims_validation","",""
"Teardown must not explode when a run produced nothing at all.","0","test_pruning_an_absent_run_directory_is_harmless","tests.framework","2026-08-20","passed","2026-08-20","","test_artifacts","",""
"Recording must never be a precondition for using a client.","0","test_nothing_is_recorded_outside_a_test","tests.framework","2026-08-20","passed","2026-08-20","","test_recording","",""
"API-STATE-005 - every combination that is not a published edge.

    Uses the administrator-capable actor so a refusal can only be about the
    claim's *state*, never about the caller's role. Role restrictions are proved
    separately in test_authorization.py; mixing the two would make a failure here
    ambiguous.
    ","27","test_illegal_transitions_are_refused[DRAFT-cannot-start_review]","tests.api","2026-08-20","passed","2026-08-20","","test_state_machine","",""
"UI-AUTHZ-002 - the check that matters.

    The admin link is hidden from customers, and the next test asserts that. But
    hiding a link is **presentation, not authorisation**: anyone can type a URL.
    This navigates straight to the route and requires the server to refuse it.
    ","62","test_a_customer_cannot_reach_the_admin_area_by_typing_the_url[chromium]","tests.ui","2026-08-20","passed","2026-08-20","","test_claim_workflow","",""
"","0","test_worker_is_read_from_xdist","tests.framework","2026-08-20","passed","2026-08-20","","test_artifacts","",""
"Allure requires a FULL match, and a stack trace is never one line.

    Asserted for every pattern rather than for the one that was found broken:
    the next category somebody adds will be written by copying one of these, and
    a missing ``(?s)`` fails silently - the report keeps rendering, it simply
    stops classifying anything.
    ","0","test_every_pattern_can_match_across_a_multi_line_value[Wrong HTTP status]","tests.framework","2026-08-20","passed","2026-08-20","","test_allure_support","",""
"The double-payout guard exists as a constraint, not only as application code.

    Application logic can be bypassed by a second code path, a background job, or
    a manual fix applied at 2 a.m. during an incident. A unique constraint cannot.
    Asserting the constraint exists is asserting that the guarantee survives the
    application being wrong.
    ","5","test_a_claim_can_only_be_paid_once_at_the_storage_layer","tests.db","2026-08-20","passed","2026-08-20","","test_integrity","",""
"API-STATE-005 - every combination that is not a published edge.

    Uses the administrator-capable actor so a refusal can only be about the
    claim's *state*, never about the caller's role. Role restrictions are proved
    separately in test_authorization.py; mixing the two would make a failure here
    ambiguous.
    ","45","test_illegal_transitions_are_refused[REJECTED-cannot-submit]","tests.api","2026-08-20","passed","2026-08-20","","test_state_machine","",""
"A structurally valid JWT with a bad signature must not be accepted.

    This is the check that would catch signature verification being disabled - a
    real and catastrophic misconfiguration that a ""malformed string"" test misses
    entirely, because a malformed string fails parsing long before verification.
    ","4","test_a_token_signed_with_the_wrong_key_is_rejected","tests.api","2026-08-20","passed","2026-08-20","","test_auth","",""
"Regression test for a real bug.

    Handler-level filters mutate the shared LogRecord, so whichever handler ran
    first stamped its own default and every later handler left the attribute
    alone. The per-test file showed ""[-]"" and correlation was silently useless.
    The filter now lives on the logger and reads one context variable, so all
    destinations agree.
    ","1","test_the_correlation_id_reaches_every_destination_not_just_the_test_file","tests.framework","2026-08-20","passed","2026-08-20","","test_logging_and_correlation","",""
"API-AUTHZ-004 - the limit is inclusive.","37","test_an_adjuster_may_approve_up_to_and_including_the_limit[one-cent-below-limit]","tests.api","2026-08-20","passed","2026-08-20","","test_authorization","",""
"API-AUTH-006. Every malformed shape must land on 401, never 500.","3","test_malformed_authorization_headers_are_rejected[wrong-scheme]","tests.api","2026-08-20","passed","2026-08-20","","test_auth","",""
"An unbounded page size is a denial-of-service vector, not a convenience.","6","test_page_size_boundaries[size-negative]","tests.api","2026-08-20","passed","2026-08-20","","test_claims_validation","",""
"Allure requires a FULL match, and a stack trace is never one line.

    Asserted for every pattern rather than for the one that was found broken:
    the next category somebody adds will be written by copying one of these, and
    a missing ``(?s)`` fails silently - the report keeps rendering, it simply
    stops classifying anything.
    ","0","test_every_pattern_can_match_across_a_multi_line_value[Environment problem (not a product defect)]","tests.framework","2026-08-20","passed","2026-08-20","","test_allure_support","",""
"API-CLM-020. A claim cannot be made for an incident that has not happened.","6","test_invalid_incident_dates_are_rejected[far-future]","tests.api","2026-08-20","passed","2026-08-20","","test_claims_validation","",""
"Removing each field in turn, so no field is 'required' only in the docs.","6","test_every_required_field_is_actually_required[description]","tests.api","2026-08-20","passed","2026-08-20","","test_claims_validation","",""
"","1","test_non_http_urls_are_rejected[://nope]","tests.framework","2026-08-20","passed","2026-08-20","","test_settings","",""
"API-AUTHZ-003 - 403 here, not 404.

    The distinction from the ownership case is deliberate: the endpoint's
    existence is not a secret, the caller simply lacks the role. Returning 404
    would tell an administrator debugging a permissions problem that the route
    does not exist.
    ","10","test_a_customer_cannot_list_users","tests.api","2026-08-20","passed","2026-08-20","","test_authorization","",""
"DB-INT-003 - checked across every claim in the database.

    The per-claim test proves one claim was not double-paid. This proves *none*
    were, including every claim every other test in this run created. It costs one
    query and it is the check an auditor would ask for.
    ","5","test_no_claim_has_ever_been_paid_twice","tests.db","2026-08-20","passed","2026-08-20","","test_integrity","",""
"API-CLM-006.","8","test_filtering_by_amount_range_excludes_values_outside_it","tests.api","2026-08-20","passed","2026-08-20","","test_claims_crud","",""
"API-CLM-010 / 011.","5","test_non_positive_amounts_are_rejected[zero]","tests.api","2026-08-20","passed","2026-08-20","","test_claims_validation","",""
"The action field is an enum, not free text.","15","test_an_unknown_action_is_rejected","tests.api","2026-08-20","passed","2026-08-20","","test_state_machine","",""
"Not even in CI, and this is the important one.

    A browser shares a machine with a compositor and a renderer, so a retry
    there answers a real question. An API or database test that fails
    intermittently is not flaky, it is **wrong** - a race, a shared-state
    assumption, a real product defect - and retrying it deletes the evidence.
    ","0","test_api_and_database_tests_are_never_retried[framework]","tests.framework","2026-08-20","passed","2026-08-20","","test_flakiness","",""
"Removing each field in turn, so no field is 'required' only in the docs.","6","test_every_required_field_is_actually_required[amount]","tests.api","2026-08-20","passed","2026-08-20","","test_claims_validation","",""
"","0","test_context_variable_is_restored_even_when_the_block_raises","tests.framework","2026-08-20","passed","2026-08-20","","test_logging_and_correlation","",""
"","1","test_github_actions_produces_a_link_back_to_the_run","tests.framework","2026-08-20","passed","2026-08-20","","test_allure_support","",""
"Allure requires a FULL match, and a stack trace is never one line.

    Asserted for every pattern rather than for the one that was found broken:
    the next category somebody adds will be written by copying one of these, and
    a missing ``(?s)`` fails silently - the report keeps rendering, it simply
    stops classifying anything.
    ","0","test_every_pattern_can_match_across_a_multi_line_value[Test defect (the test itself raised)]","tests.framework","2026-08-20","passed","2026-08-20","","test_allure_support","",""
"","1","test_enabling_the_database_without_a_password_is_an_actionable_error","tests.framework","2026-08-20","passed","2026-08-20","","test_settings","",""
"API-CLM-013. The smallest possible step past the limit must fail.","4","test_one_cent_over_the_coverage_limit_is_rejected","tests.api","2026-08-20","passed","2026-08-20","","test_claims_validation","",""
"An unbounded page size is a denial-of-service vector, not a convenience.","8","test_page_size_boundaries[size-zero]","tests.api","2026-08-20","passed","2026-08-20","","test_claims_validation","",""
"WITHDRAWN is terminal - reached by DELETE, and a dead end thereafter.","27","test_a_withdrawn_claim_accepts_no_transition[reject]","tests.api","2026-08-20","passed","2026-08-20","","test_state_machine","",""
"API-CLM-003.

    Scoped to the seeded corpus, which no test mutates and no worker adds to.

    Sorting by a stable key is necessary but **not sufficient**: references are
    random, so a claim another worker creates can insert anywhere in the ordering
    and shift the page boundary. Only an isolated data set makes page contents
    deterministic under parallel execution. The browser version of this test
    failed ~50% of the time at `-n 4` before this was understood.
    ","14","test_paging_returns_different_claims_on_each_page","tests.api","2026-08-20","passed","2026-08-20","","test_claims_crud","",""
"UI-CLM-005.

    The rendered values are read back and compared against their own sorted order,
    rather than spot-checking the first and last row - a spot check passes happily
    on a list that is wrong in the middle.
    ","211","test_sorting_by_amount_orders_the_visible_rows[chromium]","tests.ui","2026-08-20","passed","2026-08-20","","test_claims_list","",""
"Fail at session start with a clear message, not mid-run as a mystery.","1","test_out_of_range_values_fail_fast[HTTP_TIMEOUT_SECONDS--1]","tests.framework","2026-08-20","passed","2026-08-20","","test_settings","",""
"","1","test_slug_is_stable_for_the_same_node_id","tests.framework","2026-08-20","passed","2026-08-20","","test_artifacts","",""
"UI-AUTH-005 - the browser redirects where the API would return 401.

    Same rule, two presentations: an API client gets a status code it can act on,
    a person gets a page they can use. Asserting the ``next`` parameter matters
    too - losing it sends the user to the dashboard after signing in instead of
    back to the page they actually wanted.
    ","60","test_an_anonymous_visitor_is_redirected_to_sign_in[chromium]","tests.ui","2026-08-20","passed","2026-08-20","","test_login","",""
"Who decided is as auditable as what was decided.","45","test_the_approving_actor_is_recorded_on_the_claim","tests.api","2026-08-20","passed","2026-08-20","","test_state_machine","",""
"DB-PAY-002 - the double-payout guard, checked where the money lives.

    The API test proves the second attempt returns ``409``. That is not the same
    statement as ""no second row was written"": a handler could insert and then fail
    on a later step, returning an error while the money had already been recorded
    twice. Only counting rows settles it.
    ","68","test_a_second_payment_attempt_creates_no_second_payout","tests.db","2026-08-20","passed","2026-08-20","","test_audit_and_payouts","",""
"API-AUTHZ-002 - self-approval would be the most obvious fraud path there is.","38","test_a_customer_cannot_approve_their_own_claim","tests.api","2026-08-20","passed","2026-08-20","","test_authorization","",""
"DB-CLM-005 - the decision is attributable to a real person.

    ``decided_by_id`` is resolved back to a user row rather than merely checked
    for non-null: a foreign key that pointed at a deleted or wrong user would pass
    a null check and fail an audit.
    ","43","test_the_approving_actor_is_recorded_against_the_claim","tests.db","2026-08-20","passed","2026-08-20","","test_claim_persistence","",""
"The point of the module, asserted directly.

    ``Pacific/Kiritimati`` (UTC+14) and ``Etc/GMT+12`` (UTC-12) are the extremes:
    a local date can be a full day either side of the UTC one. If ``today_utc()``
    ever moved with the process timezone, these two would disagree and the
    application-versus-runner mismatch would be back.

    ``time.tzset`` does not exist on Windows, so the strict form of this check
    only runs where the platform can actually change zones - and it is asserted
    rather than skipped silently, because a test that quietly does nothing is
    worse than one that is not there.
    ","1","test_the_answer_does_not_move_with_the_process_timezone[Etc/GMT+12]","tests.framework","2026-08-20","passed","2026-08-20","","test_clock","",""
"An empty attachment reads as a bug in the framework; a sentence does not.","1","test_an_empty_recording_says_so_rather_than_rendering_nothing","tests.framework","2026-08-20","passed","2026-08-20","","test_recording","",""
"","0","test_empty_directories_are_pruned_but_evidence_is_kept","tests.framework","2026-08-20","passed","2026-08-20","","test_artifacts","",""
"API-STATE-001 - each documented edge, exercised in isolation.

    Driven from the same table that generates the negative matrix, so the positive
    and negative sets can never drift apart from each other.
    ","29","test_every_published_transition_is_accepted[SUBMITTED-start_review-UNDER_REVIEW]","tests.api","2026-08-20","passed","2026-08-20","","test_state_machine","",""
"","1","test_non_http_urls_are_rejected[ftp://localhost]","tests.framework","2026-08-20","passed","2026-08-20","","test_settings","",""
"The control from ADR 0003, tested rather than assumed.

    Every claim this framework makes about not writing to the database rests on
    this. An untested safety control is a belief, and beliefs about permissions
    are wrong surprisingly often - a well-meaning ``GRANT ALL`` during an incident
    is all it takes.

    The failure is raised as a ``DatabaseError``, not an ``AssertionError``,
    because being refused is the framework working correctly rather than the
    product misbehaving.
    ","2","test_the_qa_role_cannot_modify_anything[update]","tests.db","2026-08-20","passed","2026-08-20","","test_integrity","",""
"The paired positive case. Without it, an API refusing everyone would pass.","16","test_the_owner_can_read_their_own_claim","tests.api","2026-08-20","passed","2026-08-20","","test_authorization","",""
"API-STATE-005 - every combination that is not a published edge.

    Uses the administrator-capable actor so a refusal can only be about the
    claim's *state*, never about the caller's role. Role restrictions are proved
    separately in test_authorization.py; mixing the two would make a failure here
    ambiguous.
    ","45","test_illegal_transitions_are_refused[SUBMITTED-cannot-approve]","tests.api","2026-08-20","passed","2026-08-20","","test_state_machine","",""
"","55","test_creating_a_claim_records_its_first_audit_event","tests.api","2026-08-20","passed","2026-08-20","","test_claims_crud","",""
"UI-CLM-008 - the staff half of the workflow.

    Arranged to SUBMITTED through the API; the review and approval steps are the
    part under test and are done in the browser.
    ","339","test_an_adjuster_can_review_and_approve[chromium]","tests.ui","2026-08-20","passed","2026-08-20","","test_claim_workflow","",""
"E2E-004 - a delete in the interface is a soft delete in storage.

    The browser and the API both stop offering the claim as actionable. Only the
    database can show the row is still there, with its history intact - which is
    what a regulator would ask for, and what a hard delete would have destroyed.
    ","326","test_a_claim_withdrawn_in_the_browser_survives_in_the_database[chromium]","tests.e2e","2026-08-20","passed","2026-08-20","","test_claim_lifecycle","",""
"A backslash is an escape character in .properties, so it must be doubled.

    Without this, ``C:\repo\artifacts`` renders as ``C:repoartifacts`` - a value
    that looks like a path, is not one, and gives no clue that anything was lost.
    ","1","test_windows_paths_survive_the_properties_format","tests.framework","2026-08-20","passed","2026-08-20","","test_allure_support","",""
"An unbounded page size is a denial-of-service vector, not a convenience.","8","test_page_size_boundaries[size-minimum]","tests.api","2026-08-20","passed","2026-08-20","","test_claims_validation","",""
"API-STATE-005 - every combination that is not a published edge.

    Uses the administrator-capable actor so a refusal can only be about the
    claim's *state*, never about the caller's role. Role restrictions are proved
    separately in test_authorization.py; mixing the two would make a failure here
    ambiguous.
    ","74","test_illegal_transitions_are_refused[PAID-cannot-submit]","tests.api","2026-08-20","passed","2026-08-20","","test_state_machine","",""
"API-CLM-005 - and a demonstration of parallel-safe searching.

    The search term is the unique marker embedded in this test's own description,
    so the assertion ""exactly one result"" holds no matter what other workers are
    creating at the same moment.
    ","15","test_searching_finds_a_claim_the_test_created_itself","tests.api","2026-08-20","passed","2026-08-20","","test_claims_crud","",""
"API-CLM-015.

    Silently rounding money is the defect being guarded against. If the API
    accepted 1.005 and stored 1.01, the customer's records and the insurer's would
    disagree by a cent per claim - and nobody would notice until reconciliation.
    ","6","test_amounts_with_more_than_two_decimal_places_are_rejected_not_rounded[three-decimals-rounds-up]","tests.api","2026-08-20","passed","2026-08-20","","test_claims_validation","",""
"","1","test_per_test_log_captures_only_its_own_window","tests.framework","2026-08-20","passed","2026-08-20","","test_logging_and_correlation","",""
"A service that is already up must cost nothing - the case that runs most.","0","test_returns_immediately_when_already_ready","tests.framework","2026-08-20","passed","2026-08-20","","test_readiness","",""
"","1","test_polls_until_the_service_comes_up","tests.framework","2026-08-20","passed","2026-08-20","","test_readiness","",""
"API-AUTH-004.

    Asserting *which* field was rejected, not merely that something was. A test
    that only checks for 422 passes even when the API rejects the wrong field.
    ","3","test_malformed_login_payloads_are_rejected_by_field[password-missing]","tests.api","2026-08-20","passed","2026-08-20","","test_auth","",""
"API-CLM-003.","12","test_listing_claims_returns_a_page_with_metadata","tests.api","2026-08-20","passed","2026-08-20","","test_claims_crud","",""
"This dict is attached to every report; these keys are what people look for.","1","test_masked_block_answers_which_environment_this_run_targeted","tests.framework","2026-08-20","passed","2026-08-20","","test_settings","",""
"DB-CLM-002 - exact equality on a Decimal, all the way to storage.

    ``0.1 + 0.2 != 0.3`` stops being a curiosity when the value is a payout. This
    asserts equality rather than closeness, which is only possible because the
    column is NUMERIC and psycopg returns Decimal. The moment anything in the
    chain becomes a float, the strongest available assertion drops to ""close
    enough"" - and a cent-per-claim discrepancy becomes invisible.
    ","14","test_money_is_stored_exactly","tests.db","2026-08-20","passed","2026-08-20","","test_claim_persistence","",""
"An unbounded page size is a denial-of-service vector, not a convenience.","6","test_page_size_boundaries[size-above-maximum]","tests.api","2026-08-20","passed","2026-08-20","","test_claims_validation","",""
"The taxonomy the framework already raises is the taxonomy the report uses.

    Keying on exception types rather than on message wording is what makes this
    survive: messages get reworded, ``ServiceNotReadyError`` does not.
    ","0","test_environment_failures_are_recognised_by_exception_type[claimdesk_qa.core.exceptions.ServiceNotReadyError: ClaimDesk at ... not ready-True]","tests.framework","2026-08-20","passed","2026-08-20","","test_allure_support","",""
"","0","test_jenkins_is_recognised_too","tests.framework","2026-08-20","passed","2026-08-20","","test_allure_support","",""
"API-CLM-010 / 011.","5","test_non_positive_amounts_are_rejected[zero-decimals]","tests.api","2026-08-20","passed","2026-08-20","","test_claims_validation","",""
"API-STATE-005 - every combination that is not a published edge.

    Uses the administrator-capable actor so a refusal can only be about the
    claim's *state*, never about the caller's role. Role restrictions are proved
    separately in test_authorization.py; mixing the two would make a failure here
    ambiguous.
    ","42","test_illegal_transitions_are_refused[REJECTED-cannot-pay]","tests.api","2026-08-20","passed","2026-08-20","","test_state_machine","",""
"API-CLM-016 - all four edges of the accepted range.","59","test_description_length_boundaries[exactly-minimum]","tests.api","2026-08-20","passed","2026-08-20","","test_claims_validation","",""
"Calling it twice must not double every line - conftest can be imported twice.","0","test_configure_logging_is_idempotent","tests.framework","2026-08-20","passed","2026-08-20","","test_logging_and_correlation","",""
"API-CLM-018. Malformed input is 422; well-formed-but-absent is 404.","5","test_a_malformed_identifier_is_a_validation_error[uuid-one-char-short]","tests.api","2026-08-20","passed","2026-08-20","","test_claims_validation","",""
"A password rendered as plain text is a real finding in a shared office.","80","test_the_password_field_masks_input[chromium]","tests.ui","2026-08-20","passed","2026-08-20","","test_login","",""
"API-STATE-005 - every combination that is not a published edge.

    Uses the administrator-capable actor so a refusal can only be about the
    claim's *state*, never about the caller's role. Role restrictions are proved
    separately in test_authorization.py; mixing the two would make a failure here
    ambiguous.
    ","46","test_illegal_transitions_are_refused[UNDER_REVIEW-cannot-submit]","tests.api","2026-08-20","passed","2026-08-20","","test_state_machine","",""
"API-CLM-016 - all four edges of the accepted range.","9","test_description_length_boundaries[one-above-maximum]","tests.api","2026-08-20","passed","2026-08-20","","test_claims_validation","",""
"This is what keeps every xdist worker writing into ONE run directory.","0","test_run_id_is_taken_from_the_environment_when_present","tests.framework","2026-08-20","passed","2026-08-20","","test_artifacts","",""
"API-AUTH-004.

    Asserting *which* field was rejected, not merely that something was. A test
    that only checks for 422 passes even when the API rejects the wrong field.
    ","4","test_malformed_login_payloads_are_rejected_by_field[pw-empty]","tests.api","2026-08-20","passed","2026-08-20","","test_auth","",""
"Ownership restricts customers, not staff - adjusters must see every claim.","15","test_staff_can_read_any_customers_claim","tests.api","2026-08-20","passed","2026-08-20","","test_authorization","",""
"Layer plus intent markers arrive together; only the layer decides.","0","test_a_mixed_marker_set_still_resolves","tests.framework","2026-08-20","passed","2026-08-20","","test_flakiness","",""
"The point of the module, asserted directly.

    ``Pacific/Kiritimati`` (UTC+14) and ``Etc/GMT+12`` (UTC-12) are the extremes:
    a local date can be a full day either side of the UTC one. If ``today_utc()``
    ever moved with the process timezone, these two would disagree and the
    application-versus-runner mismatch would be back.

    ``time.tzset`` does not exist on Windows, so the strict form of this check
    only runs where the platform can actually change zones - and it is asserted
    rather than skipped silently, because a test that quietly does nothing is
    worse than one that is not there.
    ","1","test_the_answer_does_not_move_with_the_process_timezone[Asia/Kolkata]","tests.framework","2026-08-20","passed","2026-08-20","","test_clock","",""
"API-AUTH-006. Every malformed shape must land on 401, never 500.","3","test_malformed_authorization_headers_are_rejected[double-space]","tests.api","2026-08-20","passed","2026-08-20","","test_auth","",""
"DB-AUDIT-002 - each row's ``from_status`` matches the previous ``to_status``.

    A gap means a state change happened that nobody recorded. Asserting the list
    of statuses alone would not catch it: the endpoints could be right while a
    step in between went unlogged.
    ","50","test_the_audit_chain_has_no_gaps","tests.db","2026-08-20","passed","2026-08-20","","test_audit_and_payouts","",""
"Regression test. Logging must never be able to fail or swallow a line.

    The formatter references %(request_id)s. When the filter lived on the logger
    instead of on the handlers, records emitted through a CHILD logger reached the
    parent's handlers via callHandlers without ever passing the parent's filters -
    so request_id was missing, the formatter raised KeyError, and the line
    vanished. Nothing failed loudly; the log was simply empty.
    ","0","test_a_record_from_a_child_logger_still_reaches_the_file","tests.framework","2026-08-20","passed","2026-08-20","","test_logging_and_correlation","",""
"DB-PAY-003 - approval is not payment.

    A payout row created at approval time would mean money recorded as leaving
    before anyone authorised it to.
    ","37","test_an_unpaid_claim_has_no_payout","tests.db","2026-08-20","passed","2026-08-20","","test_audit_and_payouts","",""
"API-CLM-020. A claim cannot be made for an incident that has not happened.","4","test_invalid_incident_dates_are_rejected[impossible-month]","tests.api","2026-08-20","passed","2026-08-20","","test_claims_validation","",""
"Sort parameters are an allow-list, never a passthrough to a column name.

    A sort parameter interpolated into SQL is a classic injection point, and one
    that leaks data even without injection: sorting by a column you cannot see
    still reveals its ordering.
    ","7","test_sorting_by_an_unpermitted_field_is_rejected[sql-injection-attempt]","tests.api","2026-08-20","passed","2026-08-20","","test_claims_validation","",""
"An empty result is a valid answer; 404 here would be wrong.","7","test_a_search_matching_nothing_returns_an_empty_page_not_an_error","tests.api","2026-08-20","passed","2026-08-20","","test_claims_crud","",""
"pytest_configure runs before allure-pytest has created anything.","1","test_the_results_directory_is_created_if_it_does_not_exist","tests.framework","2026-08-20","passed","2026-08-20","","test_allure_support","",""
"UI-FORM-002.

    Asserts the message is *visible*, not merely present in the DOM. An error
    rendered inside a collapsed container is invisible to the user and therefore
    does not exist as far as the product is concerned.
    ","118","test_invalid_amounts_are_rejected_with_a_visible_message[chromium-not-a-number]","tests.ui","2026-08-20","passed","2026-08-20","","test_claim_form","",""
"Node ids contain '/', ':' and brackets; a header value must not.","1","test_request_id_is_safe_as_an_http_header_value","tests.framework","2026-08-20","passed","2026-08-20","","test_logging_and_correlation","",""
"DB-CLM-004 - the assertion only the database can make.

    The API test proves a withdrawn claim reports ``WITHDRAWN``. It cannot prove
    the row was not physically deleted and re-created, nor that a hard delete did
    not take the audit trail with it. This can.
    ","21","test_withdrawing_a_claim_is_a_soft_delete","tests.db","2026-08-20","passed","2026-08-20","","test_claim_persistence","",""
"UI-FORM-004. A claim cannot be filed for an incident that has not happened.","159","test_a_future_incident_date_is_rejected[chromium]","tests.ui","2026-08-20","passed","2026-08-20","","test_claim_form","",""
"API-STATE-005 - every combination that is not a published edge.

    Uses the administrator-capable actor so a refusal can only be about the
    claim's *state*, never about the caller's role. Role restrictions are proved
    separately in test_authorization.py; mixing the two would make a failure here
    ambiguous.
    ","22","test_illegal_transitions_are_refused[SUBMITTED-cannot-pay]","tests.api","2026-08-20","passed","2026-08-20","","test_state_machine","",""
"API-STATE-005 - every combination that is not a published edge.

    Uses the administrator-capable actor so a refusal can only be about the
    claim's *state*, never about the caller's role. Role restrictions are proved
    separately in test_authorization.py; mixing the two would make a failure here
    ambiguous.
    ","21","test_illegal_transitions_are_refused[DRAFT-cannot-reject]","tests.api","2026-08-20","passed","2026-08-20","","test_state_machine","",""
"A performance fix must not quietly become a security regression.","0","test_the_shared_context_still_verifies_certificates","tests.framework","2026-08-20","passed","2026-08-20","","test_tls","",""
"","1","test_run_ids_sort_chronologically_and_do_not_collide","tests.framework","2026-08-20","passed","2026-08-20","","test_artifacts","",""
"The negative half of filtering, which most suites skip.

    Proving a filter *shows* matching rows says nothing about whether it *hides*
    the rest. This creates a DRAFT claim and asserts it does not appear under PAID.
    ","142","test_a_new_claim_is_absent_from_a_non_matching_status_filter[chromium]","tests.ui","2026-08-20","passed","2026-08-20","","test_claims_list","",""
"API-CLM-020. A claim cannot be made for an incident that has not happened.","5","test_invalid_incident_dates_are_rejected[wrong-format]","tests.api","2026-08-20","passed","2026-08-20","","test_claims_validation","",""
"Locally a flake should be reproduced - the developer is right there.","1","test_browser_tests_are_retried_once_in_ci_only[ui]","tests.framework","2026-08-20","passed","2026-08-20","","test_flakiness","",""
"API-STATE-005 - every combination that is not a published edge.

    Uses the administrator-capable actor so a refusal can only be about the
    claim's *state*, never about the caller's role. Role restrictions are proved
    separately in test_authorization.py; mixing the two would make a failure here
    ambiguous.
    ","35","test_illegal_transitions_are_refused[UNDER_REVIEW-cannot-pay]","tests.api","2026-08-20","passed","2026-08-20","","test_state_machine","",""
"Proves the correlation chain works end to end.

    The framework sends X-Request-Id derived from this test's node id; the
    application echoes it and writes it to its own log. That is what lets a CI
    failure be traced to exact server-side requests with one grep.
    ","4","test_the_correlation_id_is_echoed_back","tests.api","2026-08-20","passed","2026-08-20","","test_auth","",""
"UI-AUTH-002.

    Asserts the user stays on the login page as well as seeing the error. An
    application that showed an error *and* signed you in anyway would satisfy a
    message-only assertion.
    ","290","test_signing_in_with_a_wrong_password_shows_an_error[chromium]","tests.ui","2026-08-20","passed","2026-08-20","","test_login","",""
"Sort parameters are an allow-list, never a passthrough to a column name.

    A sort parameter interpolated into SQL is a classic injection point, and one
    that leaks data even without injection: sorting by a column you cannot see
    still reveals its ordering.
    ","6","test_sorting_by_an_unpermitted_field_is_rejected[unknown-field]","tests.api","2026-08-20","passed","2026-08-20","","test_claims_validation","",""
"API-STATE-005 - every combination that is not a published edge.

    Uses the administrator-capable actor so a refusal can only be about the
    claim's *state*, never about the caller's role. Role restrictions are proved
    separately in test_authorization.py; mixing the two would make a failure here
    ambiguous.
    ","58","test_illegal_transitions_are_refused[PAID-cannot-approve]","tests.api","2026-08-20","passed","2026-08-20","","test_state_machine","",""
"An embedded newline would end the entry early and corrupt the file.","0","test_a_newline_cannot_break_the_next_entry","tests.framework","2026-08-20","passed","2026-08-20","","test_allure_support","",""
"API-AUTHZ-004 - the limit is inclusive.","122","test_an_adjuster_may_approve_up_to_and_including_the_limit[far-below-limit]","tests.api","2026-08-20","passed","2026-08-20","","test_authorization","",""
"Unbounded input is unbounded work for the database.","5","test_an_oversized_search_term_is_rejected","tests.api","2026-08-20","passed","2026-08-20","","test_claims_validation","",""
"API-AUTHZ-005.

    Also asserts the claim did **not** move. A refusal that still changes state is
    worse than no refusal at all, and a test that only checks the status code
    would miss it entirely.
    ","36","test_an_adjuster_may_not_approve_above_the_limit[far-above-limit]","tests.api","2026-08-20","passed","2026-08-20","","test_authorization","",""
"API-AUTH-002.","65","test_login_with_the_wrong_password_is_rejected","tests.api","2026-08-20","passed","2026-08-20","","test_auth","",""
"CI injects real variables; they must win over a file left on disk.","1","test_real_environment_beats_the_dotenv_file","tests.framework","2026-08-20","passed","2026-08-20","","test_settings","",""
"Reproducing a failure means using the number you were given, unmodified.","0","test_a_configured_seed_is_used_exactly","tests.framework","2026-08-20","passed","2026-08-20","","test_flakiness","",""
"","1","test_non_http_urls_are_rejected[  ]","tests.framework","2026-08-20","passed","2026-08-20","","test_settings","",""
"API-CLM-007.

    The order is recomputed in Python and compared, rather than spot-checking the
    first and last rows - a spot check passes on a list that is wrong in the
    middle.
    ","12","test_sorting_orders_the_results[incident-date-ascending]","tests.api","2026-08-20","passed","2026-08-20","","test_claims_crud","",""
"Guards the assumption every filter and sort test above depends on.

    If the seed changes, this one obvious test fails instead of a dozen confusing
    ones.
    ","7","test_the_seeded_corpus_is_present_for_the_list_tests","tests.api","2026-08-20","passed","2026-08-20","","test_claims_crud","",""
"API-CLM-020. A claim cannot be made for an incident that has not happened.","4","test_invalid_incident_dates_are_rejected[empty]","tests.api","2026-08-20","passed","2026-08-20","","test_claims_validation","",""
"Regression test for an intermittent failure seen in a `-n 4` run.

    Every xdist worker prunes the same shared run directory at session end, so two
    will interleave: A lists a directory, B removes it, A's rmdir raises
    FileNotFoundError. Cleanup must never fail a run - reporting a passing suite
    as broken because two processes tidied up simultaneously is far worse than
    leaving an empty folder behind.
    ","0","test_pruning_survives_another_worker_removing_a_directory_first","tests.framework","2026-08-20","passed","2026-08-20","","test_artifacts","",""
"","55","test_a_paid_claim_cannot_be_withdrawn","tests.api","2026-08-20","passed","2026-08-20","","test_state_machine","",""
